regime,policy,label,n,mean_seconds,sd_seconds,cv_percent,ci95_half_seconds,regret_percent,rank
idle,idle_trained,RL-idle,4,787.78403492475,2.1687094085610417,0.27529237867434053,3.4509002912187263,0.0,1
idle,jitter_trained,RL-contention,4,817.84376773025,2.960357180674625,0.3619709897515588,4.710588434104619,3.8157326720096942,2
idle,official_neigh_08,neigh 0.8,4,824.12988522975,4.756277996742591,0.5771272322464852,7.568298942810737,4.613682011018641,3
idle,official_neigh_10,neigh 1.0,4,831.83861781225,1.924234531978901,0.23132305843646345,3.0618862446790627,5.592215751326844,4
idle,official_neigh_15,neigh 1.5,4,895.9804966280001,5.289087096148091,0.5903127485535049,8.416117036394054,13.734279562238793,5
idle,official_atoms,atom count,4,947.19280304325,5.305116545550819,0.5600883503871578,8.44162346496101,20.235084877510484,6
idle,official_time_10,time 1.0,4,975.228075877,3.8168643514269625,0.39138171324636495,6.0734823438706655,23.79383595532688,7
jitter,idle_trained,RL-idle,4,922.1116691540001,13.0303893778332,1.4131031862754815,20.73425527696388,0.8901857635632169,2
jitter,jitter_trained,RL-contention,4,913.975588582,7.5977311497330176,0.8312838159628116,12.089684553271622,0.0,1
jitter,official_neigh_08,neigh 0.8,4,955.670771466,10.315917752216107,1.0794426344536496,16.41492559343457,4.561958044053298,4
jitter,official_neigh_10,neigh 1.0,4,944.0290094332499,7.0716050497669904,0.7490876847113465,11.25250060210538,3.2882082658112055,3
jitter,official_neigh_15,neigh 1.5,4,971.58523257975,5.502506921051398,0.5663432024837552,8.75571557043617,6.303192855197511,5
jitter,official_atoms,atom count,4,1143.0797849295,18.418343992969017,1.611291200824182,29.30769258352414,25.066774125001174,7
jitter,official_time_10,time 1.0,4,1110.758061736,14.429635788572423,1.2990799964143762,22.960768348399576,21.530386107937613,6
